medication_id,patient_id,medication_time,route,drug_name,dose,status
1,2,2026-01-01T09:00:00+00:00,oral,Metoprolol,1 dose,taken
2,2,2026-01-01T21:00:00+00:00,oral,Metoprolol,1 dose,taken
3,2,2026-01-01T09:00:00+00:00,oral,Apixaban,1 dose,taken
4,2,2026-01-01T21:00:00+00:00,oral,Apixaban,1 dose,taken
5,2,2026-01-02T09:00:00+00:00,oral,Metoprolol,1 dose,taken
6,2,2026-01-02T21:00:00+00:00,oral,Metoprolol,1 dose,taken
7,2,2026-01-02T09:00:00+00:00,oral,Apixaban,1 dose,taken
8,2,2026-01-02T21:00:00+00:00,oral,Apixaban,1 dose,taken
9,2,2026-01-03T09:00:00+00:00,oral,Metoprolol,1 dose,taken
10,2,2026-01-03T21:00:00+00:00,oral,Metoprolol,1 dose,taken
11,2,2026-01-03T09:00:00+00:00,oral,Apixaban,1 dose,taken
12,2,2026-01-03T21:00:00+00:00,oral,Apixaban,1 dose,taken
13,2,2026-01-04T09:00:00+00:00,oral,Metoprolol,1 dose,taken
14,2,2026-01-04T21:00:00+00:00,oral,Metoprolol,1 dose,taken
15,2,2026-01-04T09:00:00+00:00,oral,Apixaban,1 dose,taken
16,2,2026-01-04T21:00:00+00:00,oral,Apixaban,1 dose,taken
17,2,2026-01-05T09:00:00+00:00,oral,Metoprolol,1 dose,taken
18,2,2026-01-05T21:00:00+00:00,oral,Metoprolol,1 dose,taken
19,2,2026-01-05T09:00:00+00:00,oral,Apixaban,1 dose,taken
20,2,2026-01-05T21:00:00+00:00,oral,Apixaban,1 dose,taken
21,10,2026-01-01T06:00:00+00:00,oral,Vancomycin,1 dose,taken
22,10,2026-01-01T18:00:00+00:00,oral,Vancomycin,1 dose,taken
23,10,2026-01-01T00:00:00+00:00,oral,Piperacillin-Tazobactam,1 dose,taken
24,10,2026-01-01T06:00:00+00:00,oral,Piperacillin-Tazobactam,1 dose,taken
25,10,2026-01-01T12:00:00+00:00,oral,Piperacillin-Tazobactam,1 dose,taken
26,10,2026-01-01T18:00:00+00:00,oral,Piperacillin-Tazobactam,1 dose,taken
27,10,2026-01-01T00:00:00+00:00,oral,IV Fluids,1 dose,taken
28,10,2026-01-02T06:00:00+00:00,oral,Vancomycin,1 dose,taken
29,10,2026-01-02T18:00:00+00:00,oral,Vancomycin,1 dose,taken
30,10,2026-01-02T00:00:00+00:00,oral,Piperacillin-Tazobactam,1 dose,taken
31,10,2026-01-02T06:00:00+00:00,oral,Piperacillin-Tazobactam,1 dose,taken
32,10,2026-01-02T12:00:00+00:00,oral,Piperacillin-Tazobactam,1 dose,taken
33,10,2026-01-02T18:00:00+00:00,oral,Piperacillin-Tazobactam,1 dose,taken
34,10,2026-01-02T00:00:00+00:00,oral,IV Fluids,1 dose,taken
35,10,2026-01-03T06:00:00+00:00,oral,Vancomycin,1 dose,taken
36,10,2026-01-03T18:00:00+00:00,oral,Vancomycin,1 dose,taken
37,10,2026-01-03T00:00:00+00:00,oral,Piperacillin-Tazobactam,1 dose,taken
38,10,2026-01-03T06:00:00+00:00,oral,Piperacillin-Tazobactam,1 dose,taken
39,10,2026-01-03T12:00:00+00:00,oral,Piperacillin-Tazobactam,1 dose,taken
40,10,2026-01-03T18:00:00+00:00,oral,Piperacillin-Tazobactam,1 dose,taken
41,10,2026-01-03T00:00:00+00:00,oral,IV Fluids,1 dose,taken
42,10,2026-01-04T06:00:00+00:00,oral,Vancomycin,1 dose,taken
43,10,2026-01-04T18:00:00+00:00,oral,Vancomycin,1 dose,taken
44,10,2026-01-04T00:00:00+00:00,oral,Piperacillin-Tazobactam,1 dose,taken
45,10,2026-01-04T06:00:00+00:00,oral,Piperacillin-Tazobactam,1 dose,taken
46,10,2026-01-04T12:00:00+00:00,oral,Piperacillin-Tazobactam,1 dose,taken
47,10,2026-01-04T18:00:00+00:00,oral,Piperacillin-Tazobactam,1 dose,taken
48,10,2026-01-04T00:00:00+00:00,oral,IV Fluids,1 dose,taken
49,10,2026-01-05T06:00:00+00:00,oral,Vancomycin,1 dose,taken
50,10,2026-01-05T18:00:00+00:00,oral,Vancomycin,1 dose,taken
51,10,2026-01-05T00:00:00+00:00,oral,Piperacillin-Tazobactam,1 dose,taken
52,10,2026-01-05T06:00:00+00:00,oral,Piperacillin-Tazobactam,1 dose,taken
53,10,2026-01-05T12:00:00+00:00,oral,Piperacillin-Tazobactam,1 dose,taken
54,10,2026-01-05T18:00:00+00:00,oral,Piperacillin-Tazobactam,1 dose,taken
55,10,2026-01-05T00:00:00+00:00,oral,IV Fluids,1 dose,taken
56,10,2026-01-06T06:00:00+00:00,oral,Vancomycin,1 dose,taken
57,10,2026-01-06T18:00:00+00:00,oral,Vancomycin,1 dose,taken
58,10,2026-01-06T00:00:00+00:00,oral,Piperacillin-Tazobactam,1 dose,taken
59,10,2026-01-06T06:00:00+00:00,oral,Piperacillin-Tazobactam,1 dose,taken
60,10,2026-01-06T12:00:00+00:00,oral,Piperacillin-Tazobactam,1 dose,taken
61,10,2026-01-06T18:00:00+00:00,oral,Piperacillin-Tazobactam,1 dose,taken
62,10,2026-01-06T00:00:00+00:00,oral,IV Fluids,1 dose,taken
63,8,2026-01-01T09:00:00+00:00,oral,Aspirin,1 dose,taken
64,8,2026-01-01T20:00:00+00:00,oral,Alteplase,1 dose,taken
65,8,2026-01-02T09:00:00+00:00,oral,Aspirin,1 dose,taken
66,8,2026-01-02T03:00:00+00:00,oral,Alteplase,1 dose,taken
67,8,2026-01-03T09:00:00+00:00,oral,Aspirin,1 dose,taken
68,8,2026-01-03T00:00:00+00:00,oral,Alteplase,1 dose,taken
69,8,2026-01-04T09:00:00+00:00,oral,Aspirin,1 dose,taken
70,8,2026-01-04T23:00:00+00:00,oral,Alteplase,1 dose,taken
71,8,2026-01-05T09:00:00+00:00,oral,Aspirin,1 dose,taken
72,8,2026-01-05T08:00:00+00:00,oral,Alteplase,1 dose,taken
73,8,2026-01-06T09:00:00+00:00,oral,Aspirin,1 dose,taken
74,8,2026-01-06T07:00:00+00:00,oral,Alteplase,1 dose,taken
75,8,2026-01-07T09:00:00+00:00,oral,Aspirin,1 dose,taken
76,8,2026-01-07T07:00:00+00:00,oral,Alteplase,1 dose,taken
77,1,2026-01-01T09:00:00+00:00,oral,Ceftriaxone,1 dose,taken
78,1,2026-01-01T06:00:00+00:00,oral,Metronidazole,1 dose,taken
79,1,2026-01-01T14:00:00+00:00,oral,Metronidazole,1 dose,taken
80,1,2026-01-01T22:00:00+00:00,oral,Metronidazole,1 dose,taken
81,1,2026-01-02T09:00:00+00:00,oral,Ceftriaxone,1 dose,taken
82,1,2026-01-02T06:00:00+00:00,oral,Metronidazole,1 dose,taken
83,1,2026-01-02T14:00:00+00:00,oral,Metronidazole,1 dose,taken
84,1,2026-01-02T22:00:00+00:00,oral,Metronidazole,1 dose,taken
85,1,2026-01-03T09:00:00+00:00,oral,Ceftriaxone,1 dose,taken
86,1,2026-01-03T06:00:00+00:00,oral,Metronidazole,1 dose,taken
87,1,2026-01-03T14:00:00+00:00,oral,Metronidazole,1 dose,taken
88,1,2026-01-03T22:00:00+00:00,oral,Metronidazole,1 dose,taken
89,1,2026-01-04T09:00:00+00:00,oral,Ceftriaxone,1 dose,taken
90,1,2026-01-04T06:00:00+00:00,oral,Metronidazole,1 dose,taken
91,1,2026-01-04T14:00:00+00:00,oral,Metronidazole,1 dose,taken
92,1,2026-01-04T22:00:00+00:00,oral,Metronidazole,1 dose,taken
93,1,2026-01-05T09:00:00+00:00,oral,Ceftriaxone,1 dose,taken
94,1,2026-01-05T06:00:00+00:00,oral,Metronidazole,1 dose,taken
95,1,2026-01-05T14:00:00+00:00,oral,Metronidazole,1 dose,taken
96,1,2026-01-05T22:00:00+00:00,oral,Metronidazole,1 dose,taken
97,1,2026-01-06T09:00:00+00:00,oral,Ceftriaxone,1 dose,taken
98,1,2026-01-06T06:00:00+00:00,oral,Metronidazole,1 dose,taken
99,1,2026-01-06T14:00:00+00:00,oral,Metronidazole,1 dose,taken
100,1,2026-01-06T22:00:00+00:00,oral,Metronidazole,1 dose,taken
101,1,2026-01-07T09:00:00+00:00,oral,Ceftriaxone,1 dose,taken
102,1,2026-01-07T06:00:00+00:00,oral,Metronidazole,1 dose,taken
103,1,2026-01-07T14:00:00+00:00,oral,Metronidazole,1 dose,taken
104,1,2026-01-07T22:00:00+00:00,oral,Metronidazole,1 dose,taken
105,1,2026-01-08T09:00:00+00:00,oral,Ceftriaxone,1 dose,taken
106,1,2026-01-08T06:00:00+00:00,oral,Metronidazole,1 dose,taken
107,1,2026-01-08T14:00:00+00:00,oral,Metronidazole,1 dose,taken
108,1,2026-01-08T22:00:00+00:00,oral,Metronidazole,1 dose,taken
109,7,2026-01-01T09:00:00+00:00,oral,Metoprolol,1 dose,taken
110,7,2026-01-01T21:00:00+00:00,oral,Metoprolol,1 dose,taken
111,7,2026-01-01T09:00:00+00:00,oral,Apixaban,1 dose,taken
112,7,2026-01-01T21:00:00+00:00,oral,Apixaban,1 dose,taken
113,7,2026-01-02T09:00:00+00:00,oral,Metoprolol,1 dose,taken
114,7,2026-01-02T21:00:00+00:00,oral,Metoprolol,1 dose,taken
115,7,2026-01-02T09:00:00+00:00,oral,Apixaban,1 dose,taken
116,7,2026-01-02T21:00:00+00:00,oral,Apixaban,1 dose,taken
117,7,2026-01-03T09:00:00+00:00,oral,Metoprolol,1 dose,taken
118,7,2026-01-03T21:00:00+00:00,oral,Metoprolol,1 dose,taken
119,7,2026-01-03T09:00:00+00:00,oral,Apixaban,1 dose,taken
120,7,2026-01-03T21:00:00+00:00,oral,Apixaban,1 dose,taken
121,7,2026-01-04T09:00:00+00:00,oral,Metoprolol,1 dose,taken
122,7,2026-01-04T21:00:00+00:00,oral,Metoprolol,1 dose,taken
123,7,2026-01-04T09:00:00+00:00,oral,Apixaban,1 dose,taken
124,7,2026-01-04T21:00:00+00:00,oral,Apixaban,1 dose,taken
125,7,2026-01-05T09:00:00+00:00,oral,Metoprolol,1 dose,taken
126,7,2026-01-05T21:00:00+00:00,oral,Metoprolol,1 dose,taken
127,7,2026-01-05T09:00:00+00:00,oral,Apixaban,1 dose,taken
128,7,2026-01-05T21:00:00+00:00,oral,Apixaban,1 dose,taken
129,7,2026-01-06T09:00:00+00:00,oral,Metoprolol,1 dose,taken
130,7,2026-01-06T21:00:00+00:00,oral,Metoprolol,1 dose,taken
131,7,2026-01-06T09:00:00+00:00,oral,Apixaban,1 dose,taken
132,7,2026-01-06T21:00:00+00:00,oral,Apixaban,1 dose,taken
133,7,2026-01-07T09:00:00+00:00,oral,Metoprolol,1 dose,taken
134,7,2026-01-07T21:00:00+00:00,oral,Metoprolol,1 dose,taken
135,7,2026-01-07T09:00:00+00:00,oral,Apixaban,1 dose,taken
136,7,2026-01-07T21:00:00+00:00,oral,Apixaban,1 dose,taken
137,7,2026-01-08T09:00:00+00:00,oral,Metoprolol,1 dose,taken
138,7,2026-01-08T21:00:00+00:00,oral,Metoprolol,1 dose,taken
139,7,2026-01-08T09:00:00+00:00,oral,Apixaban,1 dose,taken
140,7,2026-01-08T21:00:00+00:00,oral,Apixaban,1 dose,taken
141,6,2026-01-01T06:00:00+00:00,oral,Vancomycin,1 dose,taken
142,6,2026-01-01T18:00:00+00:00,oral,Vancomycin,1 dose,taken
143,6,2026-01-01T00:00:00+00:00,oral,Piperacillin-Tazobactam,1 dose,taken
144,6,2026-01-01T06:00:00+00:00,oral,Piperacillin-Tazobactam,1 dose,taken
145,6,2026-01-01T12:00:00+00:00,oral,Piperacillin-Tazobactam,1 dose,taken
146,6,2026-01-01T18:00:00+00:00,oral,Piperacillin-Tazobactam,1 dose,taken
147,6,2026-01-01T00:00:00+00:00,oral,IV Fluids,1 dose,taken
148,6,2026-01-02T06:00:00+00:00,oral,Vancomycin,1 dose,taken
149,6,2026-01-02T18:00:00+00:00,oral,Vancomycin,1 dose,taken
150,6,2026-01-02T00:00:00+00:00,oral,Piperacillin-Tazobactam,1 dose,taken
151,6,2026-01-02T06:00:00+00:00,oral,Piperacillin-Tazobactam,1 dose,taken
152,6,2026-01-02T12:00:00+00:00,oral,Piperacillin-Tazobactam,1 dose,taken
153,6,2026-01-02T18:00:00+00:00,oral,Piperacillin-Tazobactam,1 dose,taken
154,6,2026-01-02T00:00:00+00:00,oral,IV Fluids,1 dose,taken
155,6,2026-01-03T06:00:00+00:00,oral,Vancomycin,1 dose,taken
156,6,2026-01-03T18:00:00+00:00,oral,Vancomycin,1 dose,taken
157,6,2026-01-03T00:00:00+00:00,oral,Piperacillin-Tazobactam,1 dose,taken
158,6,2026-01-03T06:00:00+00:00,oral,Piperacillin-Tazobactam,1 dose,taken
159,6,2026-01-03T12:00:00+00:00,oral,Piperacillin-Tazobactam,1 dose,taken
160,6,2026-01-03T18:00:00+00:00,oral,Piperacillin-Tazobactam,1 dose,taken
161,6,2026-01-03T00:00:00+00:00,oral,IV Fluids,1 dose,taken
162,6,2026-01-04T06:00:00+00:00,oral,Vancomycin,1 dose,taken
163,6,2026-01-04T18:00:00+00:00,oral,Vancomycin,1 dose,taken
164,6,2026-01-04T00:00:00+00:00,oral,Piperacillin-Tazobactam,1 dose,taken
165,6,2026-01-04T06:00:00+00:00,oral,Piperacillin-Tazobactam,1 dose,taken
166,6,2026-01-04T12:00:00+00:00,oral,Piperacillin-Tazobactam,1 dose,taken
167,6,2026-01-04T18:00:00+00:00,oral,Piperacillin-Tazobactam,1 dose,taken
168,6,2026-01-04T00:00:00+00:00,oral,IV Fluids,1 dose,taken
169,6,2026-01-05T06:00:00+00:00,oral,Vancomycin,1 dose,taken
170,6,2026-01-05T18:00:00+00:00,oral,Vancomycin,1 dose,taken
171,6,2026-01-05T00:00:00+00:00,oral,Piperacillin-Tazobactam,1 dose,taken
172,6,2026-01-05T06:00:00+00:00,oral,Piperacillin-Tazobactam,1 dose,taken
173,6,2026-01-05T12:00:00+00:00,oral,Piperacillin-Tazobactam,1 dose,taken
174,6,2026-01-05T18:00:00+00:00,oral,Piperacillin-Tazobactam,1 dose,taken
175,6,2026-01-05T00:00:00+00:00,oral,IV Fluids,1 dose,taken
176,6,2026-01-06T06:00:00+00:00,oral,Vancomycin,1 dose,taken
177,6,2026-01-06T18:00:00+00:00,oral,Vancomycin,1 dose,taken
178,6,2026-01-06T00:00:00+00:00,oral,Piperacillin-Tazobactam,1 dose,taken
179,6,2026-01-06T06:00:00+00:00,oral,Piperacillin-Tazobactam,1 dose,taken
180,6,2026-01-06T12:00:00+00:00,oral,Piperacillin-Tazobactam,1 dose,taken
181,6,2026-01-06T18:00:00+00:00,oral,Piperacillin-Tazobactam,1 dose,taken
182,6,2026-01-06T00:00:00+00:00,oral,IV Fluids,1 dose,taken
183,6,2026-01-07T06:00:00+00:00,oral,Vancomycin,1 dose,taken
184,6,2026-01-07T18:00:00+00:00,oral,Vancomycin,1 dose,taken
185,6,2026-01-07T00:00:00+00:00,oral,Piperacillin-Tazobactam,1 dose,taken
186,6,2026-01-07T06:00:00+00:00,oral,Piperacillin-Tazobactam,1 dose,taken
187,6,2026-01-07T12:00:00+00:00,oral,Piperacillin-Tazobactam,1 dose,taken
188,6,2026-01-07T18:00:00+00:00,oral,Piperacillin-Tazobactam,1 dose,taken
189,6,2026-01-07T00:00:00+00:00,oral,IV Fluids,1 dose,taken
190,6,2026-01-08T06:00:00+00:00,oral,Vancomycin,1 dose,taken
191,6,2026-01-08T18:00:00+00:00,oral,Vancomycin,1 dose,taken
192,6,2026-01-08T00:00:00+00:00,oral,Piperacillin-Tazobactam,1 dose,taken
193,6,2026-01-08T06:00:00+00:00,oral,Piperacillin-Tazobactam,1 dose,taken
194,6,2026-01-08T12:00:00+00:00,oral,Piperacillin-Tazobactam,1 dose,taken
195,6,2026-01-08T18:00:00+00:00,oral,Piperacillin-Tazobactam,1 dose,taken
196,6,2026-01-08T00:00:00+00:00,oral,IV Fluids,1 dose,taken
197,6,2026-01-09T06:00:00+00:00,oral,Vancomycin,1 dose,taken
198,6,2026-01-09T18:00:00+00:00,oral,Vancomycin,1 dose,taken
199,6,2026-01-09T00:00:00+00:00,oral,Piperacillin-Tazobactam,1 dose,taken
200,6,2026-01-09T06:00:00+00:00,oral,Piperacillin-Tazobactam,1 dose,taken
201,6,2026-01-09T12:00:00+00:00,oral,Piperacillin-Tazobactam,1 dose,taken
202,6,2026-01-09T18:00:00+00:00,oral,Piperacillin-Tazobactam,1 dose,taken
203,6,2026-01-09T00:00:00+00:00,oral,IV Fluids,1 dose,taken
204,3,2026-01-01T09:00:00+00:00,oral,Azithromycin,1 dose,taken
205,3,2026-01-01T09:00:00+00:00,oral,Ceftriaxone,1 dose,taken
206,3,2026-01-01T00:00:00+00:00,oral,Acetaminophen,1 dose,taken
207,3,2026-01-01T06:00:00+00:00,oral,Acetaminophen,1 dose,taken
208,3,2026-01-01T12:00:00+00:00,oral,Acetaminophen,1 dose,taken
209,3,2026-01-01T18:00:00+00:00,oral,Acetaminophen,1 dose,taken
210,3,2026-01-02T09:00:00+00:00,oral,Azithromycin,1 dose,taken
211,3,2026-01-02T09:00:00+00:00,oral,Ceftriaxone,1 dose,taken
212,3,2026-01-02T00:00:00+00:00,oral,Acetaminophen,1 dose,taken
213,3,2026-01-02T06:00:00+00:00,oral,Acetaminophen,1 dose,taken
214,3,2026-01-02T12:00:00+00:00,oral,Acetaminophen,1 dose,taken
215,3,2026-01-02T18:00:00+00:00,oral,Acetaminophen,1 dose,taken
216,3,2026-01-03T09:00:00+00:00,oral,Azithromycin,1 dose,taken
217,3,2026-01-03T09:00:00+00:00,oral,Ceftriaxone,1 dose,taken
218,3,2026-01-03T00:00:00+00:00,oral,Acetaminophen,1 dose,taken
219,3,2026-01-03T06:00:00+00:00,oral,Acetaminophen,1 dose,taken
220,3,2026-01-03T12:00:00+00:00,oral,Acetaminophen,1 dose,taken
221,3,2026-01-03T18:00:00+00:00,oral,Acetaminophen,1 dose,taken
222,3,2026-01-04T09:00:00+00:00,oral,Azithromycin,1 dose,taken
223,3,2026-01-04T09:00:00+00:00,oral,Ceftriaxone,1 dose,taken
224,3,2026-01-04T00:00:00+00:00,oral,Acetaminophen,1 dose,taken
225,3,2026-01-04T06:00:00+00:00,oral,Acetaminophen,1 dose,taken
226,3,2026-01-04T12:00:00+00:00,oral,Acetaminophen,1 dose,taken
227,3,2026-01-04T18:00:00+00:00,oral,Acetaminophen,1 dose,taken
228,3,2026-01-05T09:00:00+00:00,oral,Azithromycin,1 dose,taken
229,3,2026-01-05T09:00:00+00:00,oral,Ceftriaxone,1 dose,taken
230,3,2026-01-05T00:00:00+00:00,oral,Acetaminophen,1 dose,taken
231,3,2026-01-05T06:00:00+00:00,oral,Acetaminophen,1 dose,taken
232,3,2026-01-05T12:00:00+00:00,oral,Acetaminophen,1 dose,taken
233,3,2026-01-05T18:00:00+00:00,oral,Acetaminophen,1 dose,taken
234,3,2026-01-06T09:00:00+00:00,oral,Azithromycin,1 dose,taken
235,3,2026-01-06T09:00:00+00:00,oral,Ceftriaxone,1 dose,taken
236,3,2026-01-06T00:00:00+00:00,oral,Acetaminophen,1 dose,taken
237,3,2026-01-06T06:00:00+00:00,oral,Acetaminophen,1 dose,taken
238,3,2026-01-06T12:00:00+00:00,oral,Acetaminophen,1 dose,taken
239,3,2026-01-06T18:00:00+00:00,oral,Acetaminophen,1 dose,taken
240,3,2026-01-07T09:00:00+00:00,oral,Azithromycin,1 dose,taken
241,3,2026-01-07T09:00:00+00:00,oral,Ceftriaxone,1 dose,taken
242,3,2026-01-07T00:00:00+00:00,oral,Acetaminophen,1 dose,taken
243,3,2026-01-07T06:00:00+00:00,oral,Acetaminophen,1 dose,taken
244,3,2026-01-07T12:00:00+00:00,oral,Acetaminophen,1 dose,taken
245,3,2026-01-07T18:00:00+00:00,oral,Acetaminophen,1 dose,taken
246,3,2026-01-08T09:00:00+00:00,oral,Azithromycin,1 dose,taken
247,3,2026-01-08T09:00:00+00:00,oral,Ceftriaxone,1 dose,taken
248,3,2026-01-08T00:00:00+00:00,oral,Acetaminophen,1 dose,taken
249,3,2026-01-08T06:00:00+00:00,oral,Acetaminophen,1 dose,taken
250,3,2026-01-08T12:00:00+00:00,oral,Acetaminophen,1 dose,taken
251,3,2026-01-08T18:00:00+00:00,oral,Acetaminophen,1 dose,taken
252,3,2026-01-09T09:00:00+00:00,oral,Azithromycin,1 dose,taken
253,3,2026-01-09T09:00:00+00:00,oral,Ceftriaxone,1 dose,taken
254,3,2026-01-09T00:00:00+00:00,oral,Acetaminophen,1 dose,taken
255,3,2026-01-09T06:00:00+00:00,oral,Acetaminophen,1 dose,taken
256,3,2026-01-09T12:00:00+00:00,oral,Acetaminophen,1 dose,taken
257,3,2026-01-09T18:00:00+00:00,oral,Acetaminophen,1 dose,taken
258,3,2026-01-10T09:00:00+00:00,oral,Azithromycin,1 dose,taken
259,3,2026-01-10T09:00:00+00:00,oral,Ceftriaxone,1 dose,taken
260,3,2026-01-10T00:00:00+00:00,oral,Acetaminophen,1 dose,taken
261,3,2026-01-10T06:00:00+00:00,oral,Acetaminophen,1 dose,taken
262,3,2026-01-10T12:00:00+00:00,oral,Acetaminophen,1 dose,taken
263,3,2026-01-10T18:00:00+00:00,oral,Acetaminophen,1 dose,taken
264,4,2026-01-01T04:00:00+00:00,oral,Glucose,1 dose,taken
265,4,2026-01-01T23:00:00+00:00,oral,Glucagon,1 dose,taken
266,4,2026-01-02T03:00:00+00:00,oral,Glucose,1 dose,taken
267,4,2026-01-02T21:00:00+00:00,oral,Glucagon,1 dose,taken
268,4,2026-01-03T23:00:00+00:00,oral,Glucose,1 dose,taken
269,4,2026-01-03T17:00:00+00:00,oral,Glucagon,1 dose,taken
270,4,2026-01-04T02:00:00+00:00,oral,Glucose,1 dose,taken
271,4,2026-01-04T18:00:00+00:00,oral,Glucagon,1 dose,taken
272,4,2026-01-05T13:00:00+00:00,oral,Glucose,1 dose,taken
273,4,2026-01-05T01:00:00+00:00,oral,Glucagon,1 dose,taken
274,4,2026-01-06T00:00:00+00:00,oral,Glucose,1 dose,taken
275,4,2026-01-06T02:00:00+00:00,oral,Glucagon,1 dose,taken
276,4,2026-01-07T06:00:00+00:00,oral,Glucose,1 dose,taken
277,4,2026-01-07T07:00:00+00:00,oral,Glucagon,1 dose,taken
278,4,2026-01-08T16:00:00+00:00,oral,Glucose,1 dose,taken
279,4,2026-01-08T19:00:00+00:00,oral,Glucagon,1 dose,taken
280,4,2026-01-09T00:00:00+00:00,oral,Glucose,1 dose,taken
281,4,2026-01-09T17:00:00+00:00,oral,Glucagon,1 dose,taken
282,4,2026-01-10T06:00:00+00:00,oral,Glucose,1 dose,taken
283,4,2026-01-10T22:00:00+00:00,oral,Glucagon,1 dose,taken
284,5,2026-01-01T20:00:00+00:00,oral,Glucose,1 dose,taken
285,5,2026-01-01T22:00:00+00:00,oral,Glucagon,1 dose,taken
286,5,2026-01-02T17:00:00+00:00,oral,Glucose,1 dose,taken
287,5,2026-01-02T13:00:00+00:00,oral,Glucagon,1 dose,taken
288,5,2026-01-03T07:00:00+00:00,oral,Glucose,1 dose,taken
289,5,2026-01-03T14:00:00+00:00,oral,Glucagon,1 dose,taken
290,5,2026-01-04T18:00:00+00:00,oral,Glucose,1 dose,taken
291,5,2026-01-04T08:00:00+00:00,oral,Glucagon,1 dose,taken
292,5,2026-01-05T00:00:00+00:00,oral,Glucose,1 dose,taken
293,5,2026-01-05T05:00:00+00:00,oral,Glucagon,1 dose,taken
294,5,2026-01-06T22:00:00+00:00,oral,Glucose,1 dose,taken
295,5,2026-01-06T13:00:00+00:00,oral,Glucagon,1 dose,taken
296,5,2026-01-07T10:00:00+00:00,oral,Glucose,1 dose,taken
297,5,2026-01-07T08:00:00+00:00,oral,Glucagon,1 dose,taken
298,5,2026-01-08T04:00:00+00:00,oral,Glucose,1 dose,taken
299,5,2026-01-08T06:00:00+00:00,oral,Glucagon,1 dose,taken
300,5,2026-01-09T10:00:00+00:00,oral,Glucose,1 dose,taken
301,5,2026-01-09T03:00:00+00:00,oral,Glucagon,1 dose,taken
302,5,2026-01-10T02:00:00+00:00,oral,Glucose,1 dose,taken
303,5,2026-01-10T12:00:00+00:00,oral,Glucagon,1 dose,taken
304,9,2026-01-01T08:00:00+00:00,oral,Albuterol,1 dose,taken
305,9,2026-01-01T12:00:00+00:00,oral,Albuterol,1 dose,taken
306,9,2026-01-01T16:00:00+00:00,oral,Albuterol,1 dose,taken
307,9,2026-01-01T20:00:00+00:00,oral,Albuterol,1 dose,taken
308,9,2026-01-01T09:00:00+00:00,oral,Prednisone,1 dose,taken
309,9,2026-01-02T08:00:00+00:00,oral,Albuterol,1 dose,taken
310,9,2026-01-02T12:00:00+00:00,oral,Albuterol,1 dose,taken
311,9,2026-01-02T16:00:00+00:00,oral,Albuterol,1 dose,taken
312,9,2026-01-02T20:00:00+00:00,oral,Albuterol,1 dose,taken
313,9,2026-01-02T09:00:00+00:00,oral,Prednisone,1 dose,taken
314,9,2026-01-03T08:00:00+00:00,oral,Albuterol,1 dose,taken
315,9,2026-01-03T12:00:00+00:00,oral,Albuterol,1 dose,taken
316,9,2026-01-03T16:00:00+00:00,oral,Albuterol,1 dose,taken
317,9,2026-01-03T20:00:00+00:00,oral,Albuterol,1 dose,taken
318,9,2026-01-03T09:00:00+00:00,oral,Prednisone,1 dose,taken
319,9,2026-01-04T08:00:00+00:00,oral,Albuterol,1 dose,taken
320,9,2026-01-04T12:00:00+00:00,oral,Albuterol,1 dose,taken
321,9,2026-01-04T16:00:00+00:00,oral,Albuterol,1 dose,taken
322,9,2026-01-04T20:00:00+00:00,oral,Albuterol,1 dose,taken
323,9,2026-01-04T09:00:00+00:00,oral,Prednisone,1 dose,taken
324,9,2026-01-05T08:00:00+00:00,oral,Albuterol,1 dose,taken
325,9,2026-01-05T12:00:00+00:00,oral,Albuterol,1 dose,taken
326,9,2026-01-05T16:00:00+00:00,oral,Albuterol,1 dose,taken
327,9,2026-01-05T20:00:00+00:00,oral,Albuterol,1 dose,taken
328,9,2026-01-05T09:00:00+00:00,oral,Prednisone,1 dose,taken
329,9,2026-01-06T08:00:00+00:00,oral,Albuterol,1 dose,taken
330,9,2026-01-06T12:00:00+00:00,oral,Albuterol,1 dose,taken
331,9,2026-01-06T16:00:00+00:00,oral,Albuterol,1 dose,taken
332,9,2026-01-06T20:00:00+00:00,oral,Albuterol,1 dose,taken
333,9,2026-01-06T09:00:00+00:00,oral,Prednisone,1 dose,taken
334,9,2026-01-07T08:00:00+00:00,oral,Albuterol,1 dose,taken
335,9,2026-01-07T12:00:00+00:00,oral,Albuterol,1 dose,taken
336,9,2026-01-07T16:00:00+00:00,oral,Albuterol,1 dose,taken
337,9,2026-01-07T20:00:00+00:00,oral,Albuterol,1 dose,taken
338,9,2026-01-07T09:00:00+00:00,oral,Prednisone,1 dose,taken
339,9,2026-01-08T08:00:00+00:00,oral,Albuterol,1 dose,taken
340,9,2026-01-08T12:00:00+00:00,oral,Albuterol,1 dose,taken
341,9,2026-01-08T16:00:00+00:00,oral,Albuterol,1 dose,taken
342,9,2026-01-08T20:00:00+00:00,oral,Albuterol,1 dose,taken
343,9,2026-01-08T09:00:00+00:00,oral,Prednisone,1 dose,taken
344,9,2026-01-09T08:00:00+00:00,oral,Albuterol,1 dose,taken
345,9,2026-01-09T12:00:00+00:00,oral,Albuterol,1 dose,taken
346,9,2026-01-09T16:00:00+00:00,oral,Albuterol,1 dose,taken
347,9,2026-01-09T20:00:00+00:00,oral,Albuterol,1 dose,taken
348,9,2026-01-09T09:00:00+00:00,oral,Prednisone,1 dose,taken
349,9,2026-01-10T08:00:00+00:00,oral,Albuterol,1 dose,taken
350,9,2026-01-10T12:00:00+00:00,oral,Albuterol,1 dose,taken
351,9,2026-01-10T16:00:00+00:00,oral,Albuterol,1 dose,taken
352,9,2026-01-10T20:00:00+00:00,oral,Albuterol,1 dose,taken
353,9,2026-01-10T09:00:00+00:00,oral,Prednisone,1 dose,taken
